key;full1;full2;full3;full4;full5;full6;full7
авксюта;авксентий;;;;;;
аксюта;авксентий;;;;;;
ксюта;ксения;;;;;;
аксюша;авксентий;;;;;;
ксюша;ксения;;;;;;
автономка;автоном;;;;;;
автя;автоном;;;;;;
автюха;автоном;;;;;;
агафонка;агафон;;;;;;
агафоня;агафон;;;;;;
агафоша;агафон;;;;;;
аганя;агафон/агафья;;;;;;
агаша;агафон/агафья;;;;;;
агапоша;агафон;;;;;;
гапоша;агафон;;;;;;
адамушка;адам;;;;;;
адя;аделаида;;;;;;
адаша;адам;;;;;;
азик;азат;;;;;;
азатик;азат;;;;;;
александрушка;александр/александра;;;;;;
алексаня;александр/александра;;;;;;
саня;александр/александра;;;;;;
санюра;александр/александра;;;;;;
санюта;александр/александра;;;;;;
санюха;александр/александра;;;;;;
санюша;александр/александра;;;;;;
алексаха;александр/александра;;;;;;
алексаша;александр/александра;;;;;;
саша;александр/александра;;;;;;
сашуха;александр/александра;;;;;;
сашуля;александр/александра;;;;;;
сашуня;александр/александра;;;;;;
сашута;александр/александра;;;;;;
сашура;александр/александра;;;;;;
шура;александр/александра;;;;;;
шурик;александр;;;;;;
шуруня;александр/александра;;;;;;
алекся;александр/александра;;;;;;
алексюха;александр/александра;;;;;;
алексюша;александр/александра;;;;;;
аля;алевтина;;;;;;
ася;анастасия;александра;;;;;
алексейка;алексей;;;;;;
алеха;алексей;;;;;;
леха;алексей;;;;;;
алеша;алексей;;;;;;
леша;алексей;;;;;;
аленя;алексей;;;;;;
леня;леонид;лев;леонтий;;;;
алека;алексей;;;;;;
алюня;алла;;;;;;
лексейка;алексей;;;;;;
лекса;алексей;;;;;;
лекся;алексей;;;;;;
алимчик;алим;;;;;;
алипийчик;алипий;;;;;;
бера;альберт;;;;;;
анатолька;анатолий;;;;;;
натоля;анатолий;;;;;;
толя;анатолий;;;;;;
толюня;анатолий;;;;;;
толюся;анатолий;;;;;;
толяна;анатолий;;;;;;
толяха;анатолий;;;;;;
толяша;анатолий;;;;;;
натоха;анатолий;;;;;;
натоша;анатолий;;;;;;
тоша;анатолий;антон;платон;;;;
тотя;анатолий;;;;;;
андрейка;андрей;;;;;;
андря;андрей;;;;;;
андрюха;андрей;;;;;;
андрюша;андрей;;;;;;
андрюня;андрей;;;;;;
антонка;антон;;;;;;
антоня;антон;;;;;;
тоня;антонина;;;;;;
антоха;антон;;;;;;
антоша;антон;;;;;;
антося;антон;;;;;;
антя;антон;;;;;;
антонинка;антонин/антонина;;;;;;
аристаха;аристарх;;;;;;
аристаша;аристарх;;;;;;
ристаша;аристарх;;;;;;
аристя;аристарх;;;;;;
аря;аркадий;;;;;;
аркадьюшка;аркадий;;;;;;
аркаша;аркадий;;;;;;
кадди;аркадий;;;;;;
кэдди;аркадий;;;;;;
кайо;аркадий;;;;;;
кадя;аркадий;;;;;;
коди;аркадий;;;;;;
каня;аркадий;;;;;;
кана;аркадий;;;;;;
арсенчик;арсен;;;;;;
арс;арсен;;;;;;
арсеньюшка;арсений;;;;;;
арсеня;арсений;;;;;;
сеня;арсений;ксения;семен;;;;
арся;арсений;;;;;;
арса;арсений;;;;;;
арсюта;арсений;;;;;;
арсюша;арсений;;;;;;
сюша;анастасия;;;;;;
артемьюшка;артем;;;;;;
артя;артем;артур;;;;;
артюня;артем;;;;;;
артюха;артем;;;;;;
артюша;артем;артур;;;;;
тюша;артем;;;;;;
артемка;артем;;;;;;
артемчик;артем;;;;;;
тема;артем;тимофей;;;;;
артеша;артем;;;;;;
артурка;артур;;;;;;
атя;артур;;;;;;
тура;артур;;;;;;
афанасьюшка;афанасий;;;;;;
афанася;афанасий;;;;;;
афанаса;афанасий;;;;;;
фаня;фаина;;;;;;
нася;анастасия;;;;;;
афоня;афанасий;;;;;;
фоня;афанасий;;;;;;
афося;афанасий;;;;;;
фося;афанасий;;;;;;
фоша;афанасий;;;;;;
болеславка;болеслав;;;;;;
бориска;борис;;;;;;
боря;борис;борислав;;;;;
борюля;борис;;;;;;
боруля;борис;;;;;;
борюня;борис;;;;;;
борюся;борис;;;;;;
борисок;борис;;;;;;
борюсик;борис;;;;;;
борюха;борис;;;;;;
борюша;борис;;;;;;
боряха;борис;;;;;;
боряша;борис;;;;;;
борька;борис;;;;;;
боба;борис;;;;;;
бряча;брячислав;;;;;;
вадимка;вадим;;;;;;
дима;дмитрий;;;;;;
вадиша;вадим;;;;;;
вадюша;вадим;;;;;;
валентинка;валентин/валентина;;;;;;
валя;валентин/валентина;;;;;;
валюня;валентин/валентина;;;;;;
валюся;валентин/валентина;;;;;;
валюха;валентин/валентина;;;;;;
валюша;валентин/валентина;;;;;;
валяха;валентин;;;;;;
валяка;валентин;;;;;;
валик;валентин;;;;;;
валера;валерий/валерия;;;;;;
лера;валерия;;;;;;
леруня;валерия;;;;;;
леруся;валерия;;;;;;
леруха;валерия;;;;;;
леруша;валерия;;;;;;
валерьянка;валерьян;;;;;;
валерьяша;валерьян;;;;;;
варлаамка;варлам;;;;;;
варламка;варлам;;;;;;
варлаха;варлам;;;;;;
варлаша;варлам;;;;;;
лама;варлам;;;;;;
васильюшка;василий;;;;;;
василька;василий/василиса;;;;;;
василек;василий;;;;;;
вася;василий/василиса;;;;;;
васеня;василий;;;;;;
васюня;василий/василиса;;;;;;
васюра;василий/василиса;;;;;;
сюра;серафима;;;;;;
васюта;василий/василиса;;;;;;
васюха;василий/василиса;;;;;;
васюша;василий/василиса;;;;;;
васяй;василий;;;;;;
васяк;василий;;;;;;
васяка;василий;;;;;;
васяня;василий/василиса;;;;;;
васяна;василий;;;;;;
васята;василий/василиса;;;;;;
васяха;василий;;;;;;
васяша;василий;;;;;;
веня;венцеслав;;;;;;
викторка;виктор/виктория;;;;;;
тора;виктор/виктория;;;;;;
викта;виктор/виктория;;;;;;
виктуся;виктор/виктория;;;;;;
витя;виктор;;;;;;
витек;виктор;;;;;;
витюля;виталий;;;;;;
витюня;виктор;;;;;;
витуня;виктор;;;;;;
витюся;виктор;;;;;;
витуся;виктор/виктория;;;;;;
витюха;виктор;;;;;;
витюша;виктор;;;;;;
витуша;виктор/виктория;;;;;;
витяня;виктор/виктория;;;;;;
витаня;виктор;;;;;;
витяся;виктор;;;;;;
витася;виктор;;;;;;
витяха;виктор;;;;;;
витаха;виктор;;;;;;
витяша;виктор;;;;;;
виташа;виктор;;;;;;
витеша;виктор;;;;;;
витоша;виктор;;;;;;
виша;виктор;;;;;;
вишута;виктор;;;;;;
вика;вероника;виктория;;;;;
висяша;виссарион;;;;;;
виссарионка;виссарион;;;;;;
виссара;виссарион;;;;;;
вися;виссарион;;;;;;
виса;виссарион;;;;;;
виталя;виталий;;;;;;
таля;наталья;;;;;;
витяна;виталий;;;;;;
владимирушка;владимир;;;;;;
владя;владимир;владислав;;;;;
вавуля;владимир;;;;;;
вавуся;владимир;;;;;;
вовочка;владимир;;;;;;
володя;владимир;;;;;;
володюка;владимир;;;;;;
володюня;владимир;;;;;;
володюха;владимир;;;;;;
володюша;владимир;;;;;;
володяка;владимир;;;;;;
володяха;владимир;;;;;;
володяша;владимир;;;;;;
вова;владимир;;;;;;
вовуля;владимир;;;;;;
вовуня;владимир;;;;;;
вовуся;владимир;;;;;;
вовуша;владимир;;;;;;
владиславка;владислав;;;;;;
славуня;владислав;вячеслав;святослав;станислав;святослав;станислав;ярослав
славуся;владислав;вячеслав;святослав;станислав;святослав;станислав;ярослав
влася;влас;;;;;;
всеволодушка;всеволод;;;;;;
всева;всеволод;;;;;;
сева;всеволод;;;;;;
водя;всеволод;;;;;;
лодя;всеволод;;;;;;
всеславушка;всеслав;;;;;;
вячеславка;вячеслав;;;;;;
славуха;вячеслав;;;;;;
вяча;вячеслав;;;;;;
галактионка;галактион;;;;;;
галаня;галактион;;;;;;
галаха;галактион;;;;;;
галаша;галактион;;;;;;
гаша;агафья;;;;;;
галуня;галактион;;;;;;
галюня;галина;;;;;;
галюха;галина;;;;;;
галюша;галина;;;;;;
геннаша;геннадий;;;;;;
генаша;геннадий;;;;;;
гена;геннадий;;;;;;
генуля;геннадий;;;;;;
генюля;геннадий;;;;;;
генуся;геннадий;;;;;;
генюся;геннадий;;;;;;
генуха;геннадий;;;;;;
генюха;геннадий;;;;;;
генуша;геннадий;;;;;;
генюша;геннадий;;;;;;
геша;геннадий;;;;;;
гора;георгий;;;;;;
жора;георгий;;;;;;
геря;георгий;;;;;;
гоша;георгий;;;;;;
гошуля;георгий;;;;;;
гуля;галина;;;;;;
гошуня;георгий;;;;;;
гога;георгий;;;;;;
гаря;георгий;;;;;;
егорка;егор;;;;;;
егоня;егор;;;;;;
егоша;егор;;;;;;
егуня;егор;;;;;;
герма;герман;;;;;;
гермуся;герман;;;;;;
муся;мария;;;;;;
геруня;герман;;;;;;
геруся;герман;;;;;;
геруха;герман;;;;;;
геруша;герман;;;;;;
гема;герман;;;;;;
гемуля;герман;;;;;;
глебка;глеб;;;;;;
градиславка;градислав;;;;;;
градя;градислав;;;;;;
градюша;градислав;;;;;;
григорьюшка;григорий;;;;;;
григоря;григорий;;;;;;
григора;григорий;;;;;;
гриха;григорий;;;;;;
гриша;григорий;;;;;;
гришко;григорий;;;;;;
гришака;григорий;;;;;;
гришука;григорий;;;;;;
гришаня;григорий;;;;;;
гришата;григорий;;;;;;
гришоня;григорий;;;;;;
гришуня;григорий;;;;;;
гришута;григорий;;;;;;
гришуха;григорий;;;;;;
гриня;григорий;;;;;;
гринюка;григорий;;;;;;
гринюха;григорий;;;;;;
гринюша;григорий;;;;;;
грика;григорий;;;;;;
давидка;давид;;;;;;
давидок;давид;;;;;;
додя;давид;;;;;;
дава;давид;;;;;;
видя;давид;;;;;;
давыдка;давид;;;;;;
давыдок;давид;;;;;;
густя;августа;;;;;;
устя;августа;;;;;;
гутя;августа;;;;;;
ага;агафья;;;;;;
агафьюшка;агафья;;;;;;
ганя;галина;;;;;;
ганюся;агафья;;;;;;
гануся;агафья;;;;;;
ганюша;агафья;;;;;;
агаха;агафья;;;;;;
гася;галина;;;;;;
гапа;агафья;;;;;;
аделаидка;аделаида;;;;;;
аделя;аделаида;;;;;;
адель;аделаида;;;;;;
деля;аделаида;;;;;;
адуля;аделаида;;;;;;
адуся;аделаида;;;;;;
адуша;аделаида;;;;;;
адюша;аделаида;;;;;;
адюня;аделаида;;;;;;
аидка;аида;;;;;;
идуся;аида;;;;;;
дуся;евдокия;;;;;;
ая;аида;;;;;;
алевтинка;алевтина;;;;;;
алексана;александра;;;;;;
шурена;александра;;;;;;
лексаня;александра;;;;;;
лексана;александра;;;;;;
лексаша;александра;;;;;;
алинка;алина;;;;;;
алиска;алиса;;;;;;
алюся;алла;;;;;;
альбинка;альбина;;;;;;
бина;альбина;;;;;;
анастасиюшка;анастасия;;;;;;
анастаска;анастасия;;;;;;
настася;анастасия;;;;;;
настя;анастасия;;;;;;
наста;анастасия;;;;;;
наса;анастасия;;;;;;
ната;наталья;;;;;;
ная;анастасия;;;;;;
наюся;анастасия;;;;;;
нюся;анастасия;;;;;;
настена;анастасия;;;;;;
тена;анастасия;;;;;;
настеха;анастасия;;;;;;
настуся;анастасия;;;;;;
настюля;анастасия;;;;;;
настуля;анастасия;;;;;;
настюня;анастасия;;;;;;
настуня;анастасия;;;;;;
настюра;анастасия;;;;;;
стюра;анастасия;;;;;;
настюха;анастасия;;;;;;
настюша;анастасия;;;;;;
настяха;анастасия;;;;;;
стася;анастасия;;;;;;
тася;анастасия;;;;;;
тая;анастасия;;;;;;
асюша;анастасия;;;;;;
асюта;анастасия;;;;;;
ангелинка;ангелина;;;;;;
гелина;ангелина;;;;;;
ангеля;ангелина;;;;;;
геля;ангелина;;;;;;
гела;ангелина;;;;;;
еля;елена;;;;;;
гелюся;ангелина;;;;;;
анжела;анжелика;;;;;;
жела;анжелика;;;;;;
желя;анжелика;;;;;;
желика;анжелика;;;;;;
лика;анжелика;гликерия;;;;;
анисьюшка;анисия;;;;;;
анися;анисия;;;;;;
анночка;анна;;;;;;
аннечка;анна;;;;;;
аннушка;анна;;;;;;
аннуша;анна;;;;;;
аннуся;анна;;;;;;
аннюся;анна;;;;;;
аннюня;анна;;;;;;
нюня;анна;;;;;;
ана;анна;;;;;;
анюра;анна;;;;;;
нюра;анна;;;;;;
нюрася;анна;;;;;;
нюраха;анна;;;;;;
нюраша;анна;;;;;;
анюша;анна;;;;;;
ануша;анна;;;;;;
нюша;анна;;;;;;
анюта;анна;;;;;;
нюта;анна;;;;;;
ануся;анна;;;;;;
анюся;анна;;;;;;
нуся;анна;;;;;;
нюса;анна;;;;;;
аннета;анна;;;;;;
нета;анна;;;;;;
тонюня;антонина;;;;;;
тонюра;антонина;;;;;;
тонюся;антонина;;;;;;
тонюха;антонина;;;;;;
тонюша;антонина;;;;;;
антонидка;антонина;;;;;;
валечка;валентина;;;;;;
валенька;валентина;;;;;;
валена;валентина;;;;;;
валейка;валерия;;;;;;
валеша;валерия;;;;;;
варварка;варвара;;;;;;
варя;варвара;;;;;;
вара;варвара;;;;;;
варюня;варвара;;;;;;
варюся;варвара;;;;;;
варюта;варвара;;;;;;
варюха;варвара;;;;;;
варюша;варвара;;;;;;
ара;варвара;;;;;;
варечка;варвара;;;;;;
василиска;василиса;;;;;;
васа;василиса;;;;;;
сюня;ксения;;;;;;
верка;вера;;;;;;
вераня;вера;;;;;;
вераха;вера;;;;;;
вераша;вера;;;;;;
веруля;вера;;;;;;
веруня;вера;;;;;;
веруся;вера;;;;;;
руся;руслан;;;;;;
веруха;вера;;;;;;
веруша;вера;;;;;;
вероничка;вероника;;;;;;
вероня;вероника;;;;;;
роня;вероника;;;;;;
рона;вероника;;;;;;
ронюша;вероника;;;;;;
никаша;николай;;;;;;
викуша;виктория;;;;;;
витана;виктория;;;;;;
вира;виктория;эльвира;;;;;
торя;виктория;;;;;;
виолета;виолетта;;;;;;
вела;виолетта;;;;;;
летта;виолетта;;;;;;
галинка;галина;;;;;;
галинуха;галина;;;;;;
галинуша;галина;;;;;;
галек;галина;;;;;;
галека;галина;;;;;;
галика;галина;;;;;;
галиха;галина;;;;;;
галиша;галина;;;;;;
галюся;галина;;;;;;
галуха;галина;;;;;;
галуша;галина;;;;;;
гана;галина;;;;;;
линуся;галина;;;;;;
линуша;галина;;;;;;
гликеря;гликерия;;;;;;
гликера;гликерия;;;;;;
керя;гликерия;;;;;;
кера;гликерия;;;;;;
глика;гликерия;;;;;;
ликаша;гликерия;;;;;;
глитя;гликерия;;;;;;
глиха;гликерия;;;;;;
глаша;гликерия;;;;;;
гланя;гликерия;;;;;;
глира;гликерия;;;;;;
глера;гликерия;;;;;;
лукерьюшка;гликерия;;;;;;
лукерька;гликерия;;;;;;
луша;гликерия;;;;;;
лушаня;гликерия;;;;;;
луня;гликерия;;;;;;
дарьюшка;дарья;;;;;;
даря;дарья;;;;;;
дара;дарья;;;;;;
дарюха;дарья;;;;;;
дарюша;дарья;;;;;;
дарена;дарья;;;;;;
дарина;дарья;;;;;;
даруня;дарья;;;;;;
дареха;дарья;;;;;;
дареша;дарья;;;;;;
даша;дарья;;;;;;
дашуля;дарья;;;;;;
дашуня;дарья;;;;;;
дашура;дарья;;;;;;
дашута;дарья;;;;;;
дашуха;дарья;;;;;;
даня;даниил;;;;;;
деборка;дебора;;;;;;
ора;дебора;;;;;;
орка;дебора;;;;;;
дорка;дебора;;;;;;
бора;дебора;;;;;;
борка;дебора;;;;;;
дианка;диана;;;;;;
доронька;дора;;;;;;
дорочка;дора;;;;;;
доруня;дора;;;;;;
доруненька;дора;;;;;;
дорунька;дора;;;;;;
доруся;дора;;;;;;
доря;дора;;;;;;
евка;ева;;;;;;
евушка;ева;;;;;;
евусик;ева;;;;;;
евочка;ева;;;;;;
евика;ева;;;;;;
ив;ева;;;;;;
йев;ева;;;;;;
йевка;ева;;;;;;
хав;ева;;;;;;
чав;ева;;;;;;
чава;ева;;;;;;
эба;ева;;;;;;
эва;ева;;;;;;
эфа;ева;;;;;;
эфи;ева;;;;;;
эвита;ева;;;;;;
евгеньюшка;евгения/евгений;;;;;;
евгеня;евгения/евгений;;;;;;
женя;евгения/евгений;;;;;;
женюра;евгения/евгений;;;;;;
женюша;евгения/евгений;;;;;;
евгеша;евгения/евгений;;;;;;
еня;евгения/евгений;;;;;;
ена;евгения/евгений;;;;;;
енюта;евгения/евгений;;;;;;
енюха;евгения/евгений;;;;;;
енюша;евгения/евгений;;;;;;
еняха;евгения/евгений;;;;;;
еняша;евгения/евгений;;;;;;
евдокиюшка;евдокия;;;;;;
евдя;евдокия;;;;;;
евдоня;евдокия;;;;;;
доня;евдокия;;;;;;
дона;евдокия;;;;;;
доняха;евдокия;;;;;;
доняша;евдокия;;;;;;
евдося;евдокия;;;;;;
дося;евдокия;феодосия;;;;;
евдоха;евдокия;;;;;;
евдоша;евдокия;;;;;;
доша;евдокия;;;;;;
евдуня;евдокия;;;;;;
дуня;евдокия;;;;;;
дуняра;евдокия;;;;;;
дунятка;евдокия;;;;;;
дуняха;евдокия;;;;;;
дуняша;евдокия;;;;;;
евдуша;евдокия;;;;;;
душа;евдокия;;;;;;
авдотьюшка;евдокия;;;;;;
авдотька;евдокия;;;;;;
авдоня;евдокия;;;;;;
авдоха;евдокия;;;;;;
авдоша;евдокия;;;;;;
авдуля;евдокия;;;;;;
авдуся;евдокия;;;;;;
евпракся;евпраксия;;;;;;
парася;евпраксия;прасковья;;;;;
паня;прасковья;;;;;;
прося;евпраксия;прасковья;;;;;
екатеринка;екатерина;;;;;;
катя;екатерина;;;;;;
катюха;екатерина;;;;;;
катюша;екатерина;;;;;;
катюня;екатерина;;;;;;
катуня;екатерина;;;;;;
катюра;екатерина;;;;;;
катюся;екатерина;;;;;;
катюля;екатерина;;;;;;
катяха;екатерина;;;;;;
катяша;екатерина;;;;;;
катена;екатерина;;;;;;
катеринка;екатерина;;;;;;
еленка;елена;;;;;;
лена;елена;;;;;;
ленуша;елена;;;;;;
ленуся;елена;;;;;;
леся;елена;;;;;;
еленя;елена;;;;;;
елюша;елена;;;;;;
елюся;елена;;;;;;
люся;любовь;людмила;;;;;
аленка;елена;;;;;;
елизаветка;елизавета;;;;;;
лиля;елизавета;лидия;;;;;
лиза;елизавета;;;;;;
лизуня;елизавета;;;;;;
лизуха;елизавета;;;;;;
лизуша;елизавета;;;;;;
лизура;елизавета;;;;;;
лизута;елизавета;;;;;;
лизаветка;елизавета;;;;;;
ермина;ермиония;;;;;;
ерма;ермиония;;;;;;
зинаидка;зинаида;;;;;;
зинаха;зинаида;;;;;;
зинаша;зинаида;;;;;;
зинуха;зинаида;;;;;;
зинуша;зинаида;;;;;;
зинуля;зинаида;;;;;;
зинура;зинаида;;;;;;
зинуся;зинаида;;;;;;
зиня;зинаида;;;;;;
зиша;зинаида;;;;;;
зойка;зоя;;;;;;
зоюня;зоя;;;;;;
зоюха;зоя;;;;;;
зоюша;зоя;;;;;;
зоха;зоя;;;;;;
зоша;зоя;;;;;;
зося;зоя;;;;;;
зая;зоя;;;;;;
ингушка;инга;;;;;;
ингуля;инга;;;;;;
ингусик;инга;;;;;;
ингулечка;инга;;;;;;
ингочка;инга;;;;;;
иннушка;инна;;;;;;
иня;инна;;;;;;
инуся;инна;;;;;;
инуля;инна;;;;;;
инюта;инна;;;;;;
инюша;инна;;;;;;
оля;ольга;;;;;;
ираидка;ираида;;;;;;
раида;ираида;;;;;;
ира;ирина;;;;;;
ируня;ирина;;;;;;
ируся;ираида;;;;;;
рая;раиса;;;;;;
иринка;ирина;;;;;;
ириша;ирина;;;;;;
ируша;ирина;;;;;;
ирена;ирина;;;;;;
рена;регина;;;;;;
аринка;ирина;;;;;;
ариша;ирина;;;;;;
арюха;ирина;;;;;;
арюша;ирина;;;;;;
ирмушка;ирма;;;;;;
ирмуся;ирма;;;;;;
каринка;карина;;;;;;
кара;карина;каролина;;;;;
кароль;каролина;;;;;;
кирка;кира;;;;;;
кируся;кирилл/кира;;;;;;
кируша;кира;;;;;;
клавдиюшка;клавдия;;;;;;
клавдя;клавдия;;;;;;
клавдюха;клавдия;;;;;;
клавдюша;клавдия;;;;;;
клавдюня;клавдия;;;;;;
кладя;клавдия;;;;;;
клава;клавдия;;;;;;
клавуня;клавдия;;;;;;
кланя;клавдия;;;;;;
клаха;клавдия;;;;;;
клаша;клавдия;;;;;;
клася;клавдия;;;;;;
кларка;клара;;;;;;
кларуха;клара;;;;;;
кларуша;клара;;;;;;
кларуся;клара;;;;;;
лар;клара;;;;;;
конни;констанция;;;;;;
христинка;кристина;;;;;;
христя;кристина;;;;;;
христюха;кристина;;;;;;
христюша;кристина;;;;;;
христоня;кристина;;;;;;
христена;кристина;;;;;;
христеня;кристина;;;;;;
христоша;христофор/кристина;;;;;;
хрися;кристина;;;;;;
стина;кристина;;;;;;
кристинка;кристина;;;;;;
кристя;кристина;;;;;;
крестя;кристина;;;;;;
ксеня;ксения;;;;;;
ксена;ксения;;;;;;
ксенюша;ксения;;;;;;
ксеша;ксения;;;;;;
ксюня;ксения;;;;;;
ксюра;ксения;;;;;;
аксиньюшка;ксения;;;;;;
акся;ксения;;;;;;
аксюня;ксения;;;;;;
аксюха;ксения;;;;;;
ладонька;лада;;;;;;
ладуся;лада;;;;;;
лариска;лариса;;;;;;
лара;лариса;;;;;;
ларя;лариса;;;;;;
ларуся;лариса;;;;;;
ларуня;лариса;;;;;;
ларуля;лариса;;;;;;
лора;лариса;элеонора;;;;;
лида;лидия;;;;;;
лидя;лидия;;;;;;
лидоня;лидия;;;;;;
линя;лидия;;;;;;
лидуля;лидия;;;;;;
лидуня;лидия;;;;;;
лидуся;лидия;;;;;;
лидуха;лидия;;;;;;
лидуша;лидия;;;;;;
лукийка;лукия;;;;;;
люша;лукия;;;;;;
люба;любовь;;;;;;
любаня;любовь;;;;;;
любаха;любовь;;;;;;
любаша;любовь;;;;;;
любуся;любовь;;;;;;
буся;любовь;;;;;;
любуша;любовь;;;;;;
людмилка;людмила;;;;;;
люда;людмила;;;;;;
людуся;людмила;;;;;;
люсиша;людмила;;;;;;
людаша;людмила;;;;;;
людуха;людмила;;;;;;
людуша;людмила;;;;;;
мила;людмила;;;;;;
миля;людмила;;;;;;
милаша;людмила;;;;;;
милуся;людмила;;;;;;
милуша;людмила;;;;;;
мика;михаил;;;;;;
магдалена;магдалина;;;;;;
магдалинка;магдалина;;;;;;
мага;магдалина;;;;;;
маюня;майя;;;;;;
маюша;майя;;;;;;
маечка;майя;;;;;;
маюха;майя;;;;;;
маргаритка;маргарита;;;;;;
ритуля;маргарита;;;;;;
марго;маргарита;;;;;;
маргоша;маргарита;;;;;;
маринка;марина;;;;;;
маринуша;марина;;;;;;
мариша;мария;;;;;;
маша;мария;;;;;;
марися;марина;;;;;;
маря;марина;;;;;;
маруся;мария;;;;;;
марийка;мария;;;;;;
марюня;мария;;;;;;
маруня;мария;;;;;;
маруля;мария;;;;;;
муля;мария;;;;;;
мася;мария;;;;;;
масята;мария;;;;;;
марюта;мария;;;;;;
марюха;мария;;;;;;
маруха;мария;;;;;;
марюша;мария;;;;;;
маруша;мария;;;;;;
муша;мария;;;;;;
маня;мария;;;;;;
манюня;мария;;;;;;
манюра;мария;;;;;;
манюся;мария;;;;;;
манюта;мария;;;;;;
манюха;мария;;;;;;
манюша;мария;;;;;;
манятка;мария;;;;;;
маняша;мария;;;;;;
машаня;мария;;;;;;
машоня;мария;;;;;;
машука;мария;;;;;;
машуня;мария;;;;;;
муня;мария;;;;;;
машура;мария;;;;;;
мура;мария;;;;;;
машара;мария;;;;;;
машута;мария;;;;;;
мута;мария;;;;;;
машуха;мария;;;;;;
моря;мария;;;;;;
марьюшка;мария;;;;;;
марьяша;мария;;;;;;
марфонька;марфа;;;;;;
марфенька;марфа;;;;;;
марфуня;марфа;;;;;;
марфута;марфа;;;;;;
марфуха;марфа;;;;;;
марфуша;марфа;;;;;;
марфеня;марфа;;;;;;
меланьюшка;мелания;;;;;;
меланя;мелания;;;;;;
мелана;мелания;;;;;;
ланя;мелания;;;;;;
мелаша;мелания;;;;;;
моля;мелания;;;;;;
маланьюшка;мелания;;;;;;
маланя;мелания;;;;;;
малана;мелания;;;;;;
малаха;мелания;;;;;;
малаша;мелания;;;;;;
маля;мелания;;;;;;
милюся;милица;;;;;;
милюша;милица;;;;;;
надеждушка;надежда;;;;;;
надя;надежда;;;;;;
надея;надежда;;;;;;
надена;надежда;;;;;;
надеха;надежда;;;;;;
надюха;надежда;;;;;;
надюша;надежда;;;;;;
надюня;надежда;;;;;;
надюра;надежда;;;;;;
надюся;надежда;;;;;;
надина;надежда;;;;;;
динуся;надежда;;;;;;
надиша;надежда;;;;;;
натальюшка;наталья;;;;;;
наталя;наталья;;;;;;
натала;наталья;;;;;;
натаня;наталья;;;;;;
натаха;наталья;;;;;;
наташа;наталья;;;;;;
таша;наталья;;;;;;
наша;наталья;;;;;;
натуля;наталья;;;;;;
натуня;наталья;;;;;;
натуся;наталья;;;;;;
наля;наталья;;;;;;
нала;наталья;;;;;;
тала;наталья;;;;;;
талюша;наталья;;;;;;
тата;наталья;;;;;;
татуся;наталья;;;;;;
неонилка;неонилла;;;;;;
ненилка;неонилла;;;;;;
нела;неонилла;;;;;;
неля;неонилла;;;;;;
неня;неонилла;;;;;;
никушка;ника;;;;;;
нинелька;нинель;;;;;;
ниля;нинель;;;;;;
ноннушка;нонна;;;;;;
нона;нонна;;;;;;
ноня;нонна;;;;;;
нонуся;нонна;;;;;;
ноннета;нонна;;;;;;
октябринка;октябрина;;;;;;
октя;октябрина;;;;;;
отя;октябрина;;;;;;
ота;октябрина;;;;;;
ока;октябрина;;;;;;
брина;октябрина;;;;;;
ольгуня;ольга;;;;;;
ольгуся;ольга;;;;;;
ольгуха;ольга;;;;;;
ольгуша;ольга;;;;;;
олюля;ольга;;;;;;
олюня;ольга;;;;;;
олюся;ольга;;;;;;
олюха;ольга;;;;;;
олюша;ольга;;;;;;
оляша;ольга;;;;;;
оляня;ольга;;;;;;
пина;пинна;;;;;;
пиня;пинна;;;;;;
полинка;полина;;;;;;
поля;полина;;;;;;
полюня;полина;;;;;;
полюся;полина;;;;;;
пуся;полина;;;;;;
полюха;полина;;;;;;
полюша;полина;;;;;;
поляха;полина;;;;;;
поляша;полина;;;;;;
пана;прасковья;;;;;;
пануля;полина;;;;;;
панюля;полина;;;;;;
паша;павел/прасковья;;;;;;
прасковьюшка;прасковья;;;;;;
праскуня;прасковья;;;;;;
куня;прасковья;;;;;;
праскута;прасковья;;;;;;
проса;прасковья;;;;;;
проня;прохор/прасковья;;;;;;
парасковьюшка;прасковья;;;;;;
параня;прасковья;;;;;;
панюша;прасковья;;;;;;
параса;прасковья;;;;;;
параха;прасковья;;;;;;
параша;прасковья;;;;;;
пара;прасковья;;;;;;
паруня;прасковья;;;;;;
пуня;прасковья;;;;;;
паруха;прасковья;;;;;;
паруша;прасковья;;;;;;
пора;прасковья;;;;;;
радка;рада;;;;;;
радуся;рада;;;;;;
раиска;раиса;;;;;;
раюся;раиса;;;;;;
раюша;раиса;;;;;;
раша;раиса;;;;;;
иса;раиса;;;;;;
раечка;раиса;;;;;;
раюля;раиса;;;;;;
райка;раиса;;;;;;
раисочка;раиса;;;;;;
раисонька;раиса;;;;;;
раисушка;раиса;;;;;;
раюшка;раиса;;;;;;
раюня;раиса;;;;;;
данилка;даниил;;;;;;
даниша;даниил;;;;;;
дана;даниил;;;;;;
дануся;даниил;;;;;;
демидка;демид;;;;;;
дема;демид;;;;;;
демьянка;демьян;;;;;;
демьяша;демьян;;;;;;
дениска;денис;;;;;;
деня;денис;;;;;;
дена;денис;;;;;;
денуся;денис;;;;;;
деша;денис;;;;;;
димаха;дмитрий;;;;;;
димаша;дмитрий;;;;;;
димуха;дмитрий;;;;;;
димуша;дмитрий;;;;;;
димуля;дмитрий;;;;;;
димуся;дмитрий;;;;;;
митя;дмитрий;;;;;;
митяй;дмитрий;;;;;;
митюля;дмитрий;;;;;;
митуля;дмитрий;;;;;;
митюня;дмитрий;;;;;;
митюха;дмитрий;;;;;;
митюша;дмитрий;;;;;;
митяха;дмитрий;;;;;;
митяша;дмитрий;;;;;;
митря;дмитрий;;;;;;
митра;дмитрий;;;;;;
митраша;дмитрий;;;;;;
митрюха;дмитрий;;;;;;
митрюша;дмитрий;;;;;;
доми;доминик;;;;;;
домушка;доминик;;;;;;
домка;доминик;;;;;;
дом;доминик;;;;;;
донатка;донат;;;;;;
данюша;донат;;;;;;
источник;евгений;;;;;;
не;евгений;;;;;;
указан;евгений;;;;;;
дня;евгений;;;;;;
евгена;евгений;;;;;;
жеша;евгений;;;;;;
евгеха;евгений;;;;;;
евсейка;евсей;;;;;;
евсюта;евсей;;;;;;
еремейка;еремей;;;;;;
ерема;еремей;;;;;;
еря;еремей;;;;;;
ема;еремей;;;;;;
ерофе;ерофей;;;;;;
йка;ерофей;;;;;;
ня;ерофей;;;;;;
ефимка;ефим;;;;;;
фима;ефим/серафима;;;;;;
фимуля;ефим;;;;;;
фиша;ефим;;;;;;
жданко;ждан;;;;;;
иванка;иван;;;;;;
иваня;иван;;;;;;
иванюха;иван;;;;;;
иванюша;иван;;;;;;
ивася;иван;;;;;;
ивасик;иван;;;;;;
иваха;иван;;;;;;
иваша;иван;;;;;;
иша;иван;;;;;;
ишута;иван;;;;;;
ваня;иван;;;;;;
ванюха;иван;;;;;;
ванюша;иван;;;;;;
ванюра;иван;;;;;;
ванюся;иван;;;;;;
ванюта;иван;;;;;;
ванютя;иван;;;;;;
ванята;иван;;;;;;
игнатка;игнатий;;;;;;
игнаха;игнатий;;;;;;
игнаша;игнатий;;;;;;
игоня;игнатий;;;;;;
игоша;игорь;;;;;;
игорька;игорь;;;;;;
игорка;игорь;;;;;;
игорек;игорь;;;;;;
игоряша;игорь;;;;;;
игораша;игорь;;;;;;
игорюха;игорь;;;;;;
игорюша;игорь;;;;;;
готя;игорь;;;;;;
игуля;игорь;;;;;;
игуся;игорь;;;;;;
изя;израиль;;;;;;
изи;израиль;;;;;;
сруль;израиль;;;;;;
ильюха;илья;;;;;;
ильюша;илья;;;;;;
иля;илья;;;;;;
иляха;илья;;;;;;
илюха;илья;;;;;;
илюша;илья;;;;;;
илюся;илья;;;;;;
илюня;илья;;;;;;
акимка;иоаким;;;;;;
якимка;иоаким;;;;;;
ирюха;ириней;;;;;;
ирюша;ириней;;;;;;
исмагил;исмаил;;;;;;
иудка;иуда;;;;;;
юда;иуда;;;;;;
казик;казимир;;;;;;
кирилка;кирилл;;;;;;
киря;кирилл;;;;;;
кирюха;кирилл;;;;;;
кируха;кирилл;;;;;;
кирюша;кирилл;;;;;;
кирюня;кирилл;;;;;;
кируня;кирилл;;;;;;
киряха;кирилл;;;;;;
киряша;кирилл;;;;;;
константинка;константин;;;;;;
костя;константин;;;;;;
коста;константин;;;;;;
костюха;константин;;;;;;
костюша;константин;;;;;;
костюня;константин;;;;;;
костюра;константин;;;;;;
костяня;константин;;;;;;
костяха;константин;;;;;;
костяша;константин;;;;;;
кося;константин;;;;;;
котя;константин;;;;;;
коташа;константин;;;;;;
кузя;кузьма;;;;;;
кузюта;кузьма;;;;;;
кузяха;кузьма;;;;;;
кузяша;кузьма;;;;;;
кузена;кузьма;;;;;;
куприянка;куприян;;;;;;
куприяша;куприян;;;;;;
купря;куприян;;;;;;
левушка;лев;;;;;;
левуня;лев;;;;;;
левуся;лев;;;;;;
лева;лев;леонтий;;;;;
леонидка;леонид;;;;;;
леоня;леонид;леонтий;;;;;
ленюся;леонид;;;;;;
ледя;леонид;;;;;;
леонтьюшка;леонтий;;;;;;
луканя;лука;;;;;;
луконя;лука;;;;;;
лукаря;лука;;;;;;
лукася;лука;;;;;;
лукаха;лука;;;;;;
лукаша;лука;;;;;;
золоташа;лука;;;;;;
лукьянка;лукьян;;;;;;
луканка;лукьян;;;;;;
лутоня;лукьян;;;;;;
лутоха;лукьян;;;;;;
лутоша;лукьян;;;;;;
макарка;макар;;;;;;
макарша;макар;;;;;;
макаша;макар;;;;;;
максимка;максим;;;;;;
макся;максим;;;;;;
максюта;максим;;;;;;
максюша;максим;;;;;;
сима;серафима;;;;;;
максимильянка;максимилиан;;;;;;
лианка;максимилиан;;;;;;
маркуха;марк;;;;;;
маркуша;марк;;;;;;
маркуся;марк;;;;;;
мартуся;марк;;;;;;
мартиня;мартын;;;;;;
мартя;мартын;;;;;;
мартиша;мартын;;;;;;
мартюня;мартын;;;;;;
мартюха;мартын;;;;;;
мартюша;мартын;;;;;;
мартынка;мартын;;;;;;
матвейка;матвей;;;;;;
матя;матвей;;;;;;
матюха;матвей;;;;;;
матюша;матвей;;;;;;
матяха;матвей;;;;;;
матяша;матвей;;;;;;
мотя;матвей;;;;;;
регинка;регина;;;;;;
реня;регина;;;;;;
гина;регина;;;;;;
риммушка;римма;;;;;;
риммура;римма;;;;;;
рима;римма;;;;;;
римуля;римма;;;;;;
светланка;светлана;;;;;;
света;светлана;;;;;;
светуля;светлана;;;;;;
светуня;светлана;;;;;;
светуся;светлана;;;;;;
светуха;светлана;;;;;;
светуша;светлана;;;;;;
светка;светлана;;;;;;
серафимка;серафима;;;;;;
симуля;серафима;;;;;;
симуня;серафима;;;;;;
симура;серафима;;;;;;
симуха;серафима;;;;;;
симуша;серафима;;;;;;
има;серафима;;;;;;
фина;серафима;;;;;;
синклити;синклитикия;;;;;;
секле;синклитикия;;;;;;
тея;синклитикия;;;;;;
секлети;синклитикия;;;;;;
нья;синклитикия;;;;;;
синкли;синклитикия;;;;;;
та;синклитикия;;;;;;
синклиту;синклитикия;;;;;;
кли;синклитикия;;;;;;
тя;синклитикия;;;;;;
софьюшка;софия;;;;;;
софа;софия;;;;;;
соня;софия;;;;;;
сона;софия;;;;;;
сонюша;софия;;;;;;
томочка;тамара;;;;;;
тамми;тамара;;;;;;
англ;тамара;;;;;;
тамуна;тамара;;;;;;
тамрико;тамара;;;;;;
груз;тамара;;;;;;
татьянка;татьяна;;;;;;
таня;татьяна;;;;;;
танюха;татьяна;;;;;;
танюша;татьяна;;;;;;
танюра;татьяна;;;;;;
танюся;татьяна;;;;;;
танечка;татьяна;;;;;;
танюта;татьяна;;;;;;
татуля;татьяна;;;;;;
татуня;татьяна;;;;;;
юлианка;ульяна;;;;;;
юля;юлия;;;;;;
ульянка;ульяна;;;;;;
уля;ульяна;;;;;;
ульяха;ульяна;;;;;;
ульяша;ульяна;;;;;;
ляна;ульяна;;;;;;
яна;ульяна;;;;;;
фаинка;фаина;;;;;;
фаюша;фаина;;;;;;
фаля;фаина;;;;;;
нафаня;фаина;;;;;;
фая;фаина;;;;;;
федосьюшка;феодосия;;;;;;
федося;федосей/феодосия;;;;;;
федоса;феодосия;;;;;;
федя;федор;;;;;;
феда;феодосия;;;;;;
феня;феодосия;;;;;;
фена;феодосия;;;;;;
целестинка;целестина;;;;;;
целя;целестина;;;;;;
эля;элеонора;;;;;;
элюша;элеонора;;;;;;
нора;элеонора;;;;;;
эллочка;элла;;;;;;
элка;элла;;;;;;
элыч;элла;;;;;;
эльвирка;эльвира;;;;;;
элюня;эльвира;;;;;;
элюна;эльвира;;;;;;
элюся;эльвира;;;;;;
ела;эльвира;;;;;;
эмиля;эмилия;;;;;;
эма;эмилия;;;;;;
юла;юлия;;;;;;
юлюся;юлия;;;;;;
юна;ювеналий;;;;;;
юня;юния;;;;;;
янка;яна;;;;;;
яночка;яна;;;;;;
януля;яна;;;;;;
януся;яна;;;;;;
януша;яна;;;;;;
янушка;яна;;;;;;
янюша;яна;;;;;;
яника;яна;;;;;;
мелетьюшка;мелентий;;;;;;
мелеха;мелентий;;;;;;
мелеша;мелентий;;;;;;
мефодя;мефодий;;;;;;
нефедка;мефодий;;;;;;
федюша;федор;;;;;;
милош;милорад;;;;;;
радек;милорад;;;;;;
радко;милорад;;;;;;
михаилушка;михаил;;;;;;
миха;михаил;;;;;;
миша;михаил;;;;;;
мишака;михаил;;;;;;
мишаня;михаил;;;;;;
мишара;михаил;;;;;;
мишата;михаил;;;;;;
мишука;михаил;;;;;;
мишуля;михаил;;;;;;
мишуня;михаил;;;;;;
мишура;михаил;;;;;;
мишута;михаил;;;;;;
михаля;михаил;;;;;;
миханя;михаил;;;;;;
михася;михаил;;;;;;
миня;михаил;;;;;;
миняша;михаил;;;;;;
минаша;михаил;;;;;;
минюша;михаил;;;;;;
минуша;михаил;;;;;;
михайлушка;михаил;;;;;;
михай;михаил;;;;;;
мстиславчик;мстислав;;;;;;
мстиславка;мстислав;;;;;;
мстиша;мстислав;;;;;;
назарка;назар;;;;;;
зоря;назар;;;;;;
никитка;никита;;;;;;
никиха;никита;;;;;;
никиша;никита;;;;;;
никеня;никита;;;;;;
кеня;никита;;;;;;
никеша;никита;;;;;;
кеша;никита;;;;;;
кита;никита;;;;;;
николайка;николай;;;;;;
николаха;николай;;;;;;
николаша;николай;;;;;;
николя;николай;;;;;;
коля;николай;;;;;;
колюня;николай;;;;;;
колюся;николай;;;;;;
колюха;николай;;;;;;
колюша;николай;;;;;;
коляня;николай;;;;;;
коляха;николай;;;;;;
коляша;николай;;;;;;
никаха;николай;;;;;;
нилушка;нил;;;;;;
нилок;нил;;;;;;
неилик;нил;;;;;;
олегушка;олег;;;;;;
олежка;олег;;;;;;
олеся;олег;;;;;;
лега;олег;;;;;;
анисимушка;онисим;;;;;;
иося;осип;;;;;;
осипка;осип;;;;;;
ося;осип;;;;;;
павелка;павел;;;;;;
павлик;павел;;;;;;
павлуня;павел;;;;;;
павлюня;павел;;;;;;
павлуся;павел;;;;;;
павлюся;павел;;;;;;
павлуха;павел;;;;;;
павлуша;павел;;;;;;
павля;павел;;;;;;
павлюка;павел;;;;;;
павлюкаша;павел;;;;;;
павша;павел;;;;;;
паха;павел;;;;;;
пашата;павел;;;;;;
пашуня;павел;;;;;;
пашута;павел;;;;;;
пашуха;павел;;;;;;
панюта;павел;;;;;;
панюха;павел;;;;;;
паняша;павел;;;;;;
паля;павел;;;;;;
палюня;павел;;;;;;
палуня;павел;;;;;;
панкратка;панкратий;;;;;;
панкраха;панкратий;;;;;;
панкраша;панкратий;;;;;;
кратя;панкратий;;;;;;
пантелеймонка;пантелеймон;;;;;;
пантя;пантелеймон;;;;;;
пантюха;пантелеймон;;;;;;
пантюша;пантелеймон;;;;;;
моня;пантелеймон;;;;;;
пантелейка;пантелеймон;;;;;;
пантелюха;пантелеймон;;;;;;
пантелюша;пантелеймон;;;;;;
петя;петр;;;;;;
петруня;петр;;;;;;
петюня;петр;;;;;;
петюля;петр;;;;;;
петруся;петр;;;;;;
петруха;петр;;;;;;
петруша;петр;;;;;;
платонка;платон;;;;;;
платоня;платон;;;;;;
платоха;платон;;;;;;
платоша;платон;;;;;;
плата;платон;;;;;;
тоха;платон;;;;;;
потапка;потап;;;;;;
потаня;потап;;;;;;
пота;потап;;;;;;
патя;потап;;;;;;
протаска;протасий;;;;;;
протася;протасий;;;;;;
протя;протасий;;;;;;
протасьюшка;протасий;;;;;;
проша;прохор;;;;;;
прошенька;прохор;;;;;;
прошечка;прохор;;;;;;
прошуня;прохор;;;;;;
пронечка;прохор;;;;;;
пронюшка;прохор;;;;;;
роб;роберт;;;;;;
боб;роберт;;;;;;
бобби;роберт;;;;;;
робби;роберт;;;;;;
берт;роберт;;;;;;
берти;роберт;;;;;;
родионка;родион;;;;;;
родиоша;родион;;;;;;
родя;родион;;;;;;
родюша;родион;;;;;;
романка;роман;;;;;;
ромаха;роман;;;;;;
ромаша;роман;;;;;;
романя;роман;;;;;;
рома;роман;;;;;;
ромася;роман;;;;;;
ромуля;роман;;;;;;
еруслан;руслан;;;;;;
уруслан;руслан;;;;;;
русланка;руслан;;;;;;
русланбек;руслан;;;;;;
русланид;руслан;;;;;;
саввушка;савва;;;;;;
савельюшка;савелий;;;;;;
савелка;савелий;;;;;;
самуилка;самуил;;;;;;
самуня;самуил;;;;;;
самуха;самуил;;;;;;
самойлушка;самуил;;;;;;
самоня;самуил;;;;;;
самоха;самуил;;;;;;
самоша;самуил;;;;;;
святославка;святослав;;;;;;
свята;святослав;;;;;;
сема;семен;;;;;;
семенка;семен;;;;;;
сенюха;семен;;;;;;
сенюша;семен;;;;;;
симаня;семен;;;;;;
симоня;семен;;;;;;
серапионка;серапион;;;;;;
серпя;серапион;;;;;;
серпа;серапион;;;;;;
сергейка;сергей;;;;;;
сергуля;сергей;;;;;;
сергуня;сергей;;;;;;
сергуна;сергей;;;;;;
сергуся;сергей;;;;;;
сергуша;сергей;;;;;;
гуша;сергей;;;;;;
сережа;сергей;;;;;;
серж;сергей;;;;;;
сереня;сергей;;;;;;
сильвеструшка;сильвестр;;;;;;
силя;сильвестр;;;;;;
сива;сильвестр;;;;;;
селиверстка;сильвестр;;;;;;
селя;сильвестр;;;;;;
сильверстка;сильвестр;;;;;;
созонка;созон;;;;;;
зоня;созон;;;;;;
станиславка;станислав;;;;;;
станя;станислав;;;;;;
стас;станислав;;;;;;
степанка;степан;;;;;;
степаня;степан;;;;;;
степаха;степан;;;;;;
степаша;степан;;;;;;
степа;степан;;;;;;
степуня;степан;;;;;;
степура;степан;;;;;;
степуха;степан;;;;;;
степуша;степан;;;;;;
стеша;степан;;;;;;
стеня;степан;;;;;;
стенюша;степан;;;;;;
терентьюшка;терентий;;;;;;
тереня;терентий;;;;;;
тереха;терентий;;;;;;
тереша;терентий;;;;;;
теша;терентий;;;;;;
теря;терентий;;;;;;
терюша;терентий;;;;;;
тимофейка;тимофей;;;;;;
тимоха;тимофей;;;;;;
тимоша;тимофей;;;;;;
тимоня;тимофей;;;;;;
тимося;тимофей;;;;;;
тимуня;тимофей;;;;;;
тима;тимофей;;;;;;
тиманя;тимофей;;;;;;
тимаха;тимофей;;;;;;
тимаша;тимофей;;;;;;
шка;трифон;;;;;;
трухма;трифон;;;;;;
трифа;трифон;;;;;;
федорка;федор;;;;;;
федуля;федор;;;;;;
федюня;федор;;;;;;
федуня;федор;;;;;;
федюля;федор;;;;;;
дюня;федор;;;;;;
федюся;федор;;;;;;
федуся;федор;;;;;;
дюся;федор;;;;;;
федюха;федор;;;;;;
федяйка;федор;;;;;;
федяка;федор;;;;;;
федька;федор;;;;;;
федечка;федор;;;;;;
федяня;федор;;;;;;
федяха;федор;;;;;;
федяша;федор;;;;;;
федян;федор;;;;;;
феся;федосей;;;;;;
феша;федосей;;;;;;
федосейка;федосей;;;;;;
филипка;филипп;;;;;;
филя;филипп;;;;;;
филюха;филипп;;;;;;
филюша;филипп;;;;;;
липа;филипп;;;;;;
фомка;фома;;;;;;
христофорка;христофор;;;;;;
эдуардик;эдуард;;;;;;
эдик;эдуард;;;;;;
эдя;эдуард;;;;;;
эдюня;эдуард;;;;;;
юва;ювеналий;;;;;;
веля;ювеналий;;;;;;
юлечка;юлий;;;;;;
юра;юрий;;;;;;
юраня;юрий;;;;;;
юрася;юрий;;;;;;
юраха;юрий;;;;;;
юраша;юрий;;;;;;
юреня;юрий;;;;;;
юрченя;юрий;;;;;;
юка;юрий;;;;;;
юша;юрий;;;;;;
яша;яков;;;;;;
яшка;яков;;;;;;
яшечка;яков;;;;;;
яшуня;яков;;;;;;
яшик;яков;;;;;;
ярославка;ярослав;;;;;;
рося;ярослав;;;;;;
